MIRC,sub_MIRC,classification_difficulty
UR_UR_29776.mp4,UL_UR_UR_29776.mp4,Easy
UR_UR_29776.mp4,LL_UR_UR_29776.mp4,Easy
UR_UR_29776.mp4,UR_UR_UR_29776.mp4,Easy
UR_UR_29776.mp4,LR_UR_UR_29776.mp4,Easy
UL_UL_LL_LR_29776.mp4,UL_UL_UL_LL_LR_29776.mp4,Easy
UL_UL_LL_LR_29776.mp4,LL_UL_UL_LL_LR_29776.mp4,Easy
UL_UL_LL_LR_29776.mp4,UR_UL_UL_LL_LR_29776.mp4,Easy
UL_UL_LL_LR_29776.mp4,LR_UL_UL_LL_LR_29776.mp4,Easy
UL_LR_UR_LL_29776.mp4,UR_UL_LR_UR_LL_29776.mp4,Easy
LL_UL_UL_LR_29776.mp4,UL_LL_UL_UL_LR_29776.mp4,Easy
LL_UL_UL_LR_29776.mp4,LL_LL_UL_UL_LR_29776.mp4,Easy
LL_UL_UL_LR_29776.mp4,UR_LL_UL_UL_LR_29776.mp4,Easy
LL_UL_LL_LR_29776.mp4,UR_LL_UL_LL_LR_29776.mp4,Easy
UL_UR_29776.mp4,UL_UL_UR_29776.mp4,Easy
UL_UR_29776.mp4,LL_UL_UR_29776.mp4,Easy
UL_UR_29776.mp4,UR_UL_UR_29776.mp4,Easy
UL_UR_29776.mp4,LR_UL_UR_29776.mp4,Easy
LR_UL_LR_29776.mp4,UL_LR_UL_LR_29776.mp4,Easy
LR_LL_LR_29776.mp4,UL_LR_LL_LR_29776.mp4,Easy
LR_LL_LR_29776.mp4,LL_LR_LL_LR_29776.mp4,Easy
LL_UL_LL_UL_LR_29776.mp4,LR_LL_UL_LL_UL_LR_29776.mp4,Easy
UR_LL_LR_29776.mp4,UL_UR_LL_LR_29776.mp4,Easy
UR_LL_LR_29776.mp4,LL_UR_LL_LR_29776.mp4,Easy
UL_UR_LL_29776.mp4,UR_UL_UR_LL_29776.mp4,Easy
UL_UR_LL_29776.mp4,LR_UL_UR_LL_29776.mp4,Easy
LL_UR_LR_LL_29776.mp4,UR_LL_UR_LR_LL_29776.mp4,Easy
LR_LL_UL_LR_29776.mp4,UL_LR_LL_UL_LR_29776.mp4,Easy
UL_LR_LL_29776.mp4,LR_UL_LR_LL_29776.mp4,Easy
LL_LL_UL_LR_29776.mp4,UL_LL_LL_UL_LR_29776.mp4,Easy
LL_LL_UL_LR_29776.mp4,UR_LL_LL_UL_LR_29776.mp4,Easy
LL_LL_UL_LR_29776.mp4,LR_LL_LL_UL_LR_29776.mp4,Easy
UL_UL_UR_LR_29776.mp4,LR_UL_UL_UR_LR_29776.mp4,Easy
LL_LL_LL_LR_29776.mp4,UL_LL_LL_LL_LR_29776.mp4,Easy
LL_LL_LL_LR_29776.mp4,LL_LL_LL_LL_LR_29776.mp4,Easy
LL_LL_LL_LR_29776.mp4,UR_LL_LL_LL_LR_29776.mp4,Easy
LL_LL_LL_LR_29776.mp4,LR_LL_LL_LL_LR_29776.mp4,Easy
LR_LR_LR_UL_29776.mp4,LR_LR_LR_LR_UL_29776.mp4,Easy
LL_UR_UR_LL_29776.mp4,UR_LL_UR_UR_LL_29776.mp4,Easy
LL_LR_UL_29776.mp4,UR_LL_LR_UL_29776.mp4,Easy
LL_LR_UL_29776.mp4,LR_LL_LR_UL_29776.mp4,Easy
LR_UL_LL_LR_29776.mp4,LL_LR_UL_LL_LR_29776.mp4,Easy
LL_LR_LR_20586.mp4,UR_LL_LR_LR_20586.mp4,Easy
LL_LR_LR_20586.mp4,LR_LL_LR_LR_20586.mp4,Easy
UR_LL_UL_UL_LR_20586.mp4,LL_UR_LL_UL_UL_LR_20586.mp4,Easy
LR_UR_UL_20586.mp4,UL_LR_UR_UL_20586.mp4,Easy
UL_LL_LL_LL_UR_20586.mp4,UL_UL_LL_LL_LL_UR_20586.mp4,Easy
UL_LL_LL_LL_UR_20586.mp4,LL_UL_LL_LL_LL_UR_20586.mp4,Easy
UL_UR_LL_20586.mp4,LR_UL_UR_LL_20586.mp4,Easy
UR_LR_UR_LL_20586.mp4,UR_UR_LR_UR_LL_20586.mp4,Easy
LR_LL_LR_LR_UL_20586.mp4,UR_LR_LL_LR_LR_UL_20586.mp4,Easy
UL_LL_LL_UR_48868.mp4,LL_UL_LL_LL_UR_48868.mp4,Easy
UL_LL_LL_UR_48868.mp4,LR_UL_LL_LL_UR_48868.mp4,Easy
UL_LR_LR_16092.mp4,LR_UL_LR_LR_16092.mp4,Hard
LR_LL_LR_48868.mp4,UL_LR_LL_LR_48868.mp4,Easy
LR_LL_LR_48868.mp4,LL_LR_LL_LR_48868.mp4,Easy
UL_UR_UL_LL_16092.mp4,UR_UL_UR_UL_LL_16092.mp4,Hard
LR_UL_UL_48868.mp4,UL_LR_UL_UL_48868.mp4,Easy
LR_UL_UL_48868.mp4,UR_LR_UL_UL_48868.mp4,Easy
LR_UL_UL_48868.mp4,LR_LR_UL_UL_48868.mp4,Easy
UL_LR_UL_48868.mp4,UL_UL_LR_UL_48868.mp4,Easy
UL_LR_UL_48868.mp4,LL_UL_LR_UL_48868.mp4,Easy
UL_LR_UL_48868.mp4,UR_UL_LR_UL_48868.mp4,Easy
UL_LR_UL_48868.mp4,LR_UL_LR_UL_48868.mp4,Easy
LR_UL_LL_16092.mp4,LL_LR_UL_LL_16092.mp4,Hard
LR_UL_LL_16092.mp4,UR_LR_UL_LL_16092.mp4,Hard
LR_UL_LL_16092.mp4,LR_LR_UL_LL_16092.mp4,Hard
UR_UL_UL_LR_16092.mp4,LL_UR_UL_UL_LR_16092.mp4,Hard
UR_UL_UL_LR_16092.mp4,LR_UR_UL_UL_LR_16092.mp4,Hard
LL_UR_LL_16092.mp4,UL_LL_UR_LL_16092.mp4,Hard
LL_UR_LL_16092.mp4,LL_LL_UR_LL_16092.mp4,Hard
LL_UR_LL_16092.mp4,UR_LL_UR_LL_16092.mp4,Hard
LL_UR_LL_16092.mp4,LR_LL_UR_LL_16092.mp4,Hard
UL_LL_LL_16092.mp4,UL_UL_LL_LL_16092.mp4,Hard
UL_LL_LL_16092.mp4,LL_UL_LL_LL_16092.mp4,Hard
UL_LL_LL_16092.mp4,UR_UL_LL_LL_16092.mp4,Hard
UL_LL_LL_16092.mp4,LR_UL_LL_LL_16092.mp4,Hard
UR_LR_UL_48868.mp4,UL_UR_LR_UL_48868.mp4,Easy
UR_LR_UL_48868.mp4,LL_UR_LR_UL_48868.mp4,Easy
LR_UR_UL_48868.mp4,UL_LR_UR_UL_48868.mp4,Easy
LR_UR_UL_48868.mp4,LL_LR_UR_UL_48868.mp4,Easy
LR_UR_UL_48868.mp4,UR_LR_UR_UL_48868.mp4,Easy
LL_UR_UR_48868.mp4,UR_LL_UR_UR_48868.mp4,Easy
LL_UL_UR_48868.mp4,UL_LL_UL_UR_48868.mp4,Easy
LL_UL_UR_48868.mp4,UR_LL_UL_UR_48868.mp4,Easy
LL_UR_LL_48868.mp4,UR_LL_UR_LL_48868.mp4,Easy
UL_LL_UR_LL_LR_16092.mp4,UR_UL_LL_UR_LL_LR_16092.mp4,Hard
UL_LR_LL_16092.mp4,UR_UL_LR_LL_16092.mp4,Hard
UL_LR_LL_16092.mp4,LR_UL_LR_LL_16092.mp4,Hard
UL_UL_LL_16092.mp4,UL_UL_UL_LL_16092.mp4,Hard
UL_UL_LL_16092.mp4,LL_UL_UL_LL_16092.mp4,Hard
UL_UL_LL_16092.mp4,UR_UL_UL_LL_16092.mp4,Hard
UL_UL_LL_16092.mp4,LR_UL_UL_LL_16092.mp4,Hard
LL_UR_UL_48868.mp4,UR_LL_UR_UL_48868.mp4,Easy
LL_UR_UL_48868.mp4,LR_LL_UR_UL_48868.mp4,Easy
LR_UL_UR_LL_48868.mp4,UL_LR_UL_UR_LL_48868.mp4,Easy
LR_UL_UR_LL_48868.mp4,UR_LR_UL_UR_LL_48868.mp4,Easy
UL_LR_UR_48868.mp4,UL_UL_LR_UR_48868.mp4,Easy
UL_LR_UR_48868.mp4,LL_UL_LR_UR_48868.mp4,Easy
UL_LR_UR_48868.mp4,UR_UL_LR_UR_48868.mp4,Easy
UL_LR_UR_48868.mp4,LR_UL_LR_UR_48868.mp4,Easy
UR_LL_LL_16092.mp4,UR_UR_LL_LL_16092.mp4,Hard
UR_LL_LL_16092.mp4,LR_UR_LL_LL_16092.mp4,Hard
UL_LR_UL_16092.mp4,LR_UL_LR_UL_16092.mp4,Hard
UL_LL_LL_48868.mp4,UL_UL_LL_LL_48868.mp4,Easy
UL_LL_LL_48868.mp4,LL_UL_LL_LL_48868.mp4,Easy
UL_LL_LL_48868.mp4,UR_UL_LL_LL_48868.mp4,Easy
UL_LL_LL_48868.mp4,LR_UL_LL_LL_48868.mp4,Easy
UR_LL_LL_UL_16092.mp4,LL_UR_LL_LL_UL_16092.mp4,Hard
UR_LL_LL_UL_16092.mp4,LR_UR_LL_LL_UL_16092.mp4,Hard
LL_UR_LL_UR_48868.mp4,LR_LL_UR_LL_UR_48868.mp4,Easy
UL_LL_UR_UL_LR_16092.mp4,UL_UL_LL_UR_UL_LR_16092.mp4,Hard
UL_LL_UR_UL_LR_16092.mp4,LL_UL_LL_UR_UL_LR_16092.mp4,Hard
UL_LL_UR_UL_LR_16092.mp4,UR_UL_LL_UR_UL_LR_16092.mp4,Hard
UL_LL_UR_UL_LR_16092.mp4,LR_UL_LL_UR_UL_LR_16092.mp4,Hard
LR_LR_48868.mp4,UL_LR_LR_48868.mp4,Easy
LR_LR_48868.mp4,LL_LR_LR_48868.mp4,Easy
LR_LR_48868.mp4,UR_LR_LR_48868.mp4,Easy
LR_LR_48868.mp4,LR_LR_LR_48868.mp4,Easy
LR_UL_UR_48868.mp4,UL_LR_UL_UR_48868.mp4,Easy
UR_LL_LL_48868.mp4,UL_UR_LL_LL_48868.mp4,Easy
UR_LL_UL_48868.mp4,UL_UR_LL_UL_48868.mp4,Easy
UR_LL_UL_48868.mp4,LL_UR_LL_UL_48868.mp4,Easy
UR_LL_UL_48868.mp4,UR_UR_LL_UL_48868.mp4,Easy
UR_LL_UL_48868.mp4,LR_UR_LL_UL_48868.mp4,Easy
UR_LL_LR_48868.mp4,UL_UR_LL_LR_48868.mp4,Easy
UR_LL_LR_48868.mp4,LL_UR_LL_LR_48868.mp4,Easy
UR_UR_UL_48868.mp4,UL_UR_UR_UL_48868.mp4,Easy
UR_UR_UL_48868.mp4,LL_UR_UR_UL_48868.mp4,Easy
UL_UL_UL_LR_16092.mp4,UL_UL_UL_UL_LR_16092.mp4,Hard
UL_UL_UL_LR_16092.mp4,LL_UL_UL_UL_LR_16092.mp4,Hard
UL_UL_UL_LR_16092.mp4,UR_UL_UL_UL_LR_16092.mp4,Hard
UL_UL_UL_LR_16092.mp4,LR_UL_UL_UL_LR_16092.mp4,Hard
UR_LL_LL_34562.mp4,UL_UR_LL_LL_34562.mp4,Hard
UR_LL_LL_34562.mp4,LL_UR_LL_LL_34562.mp4,Hard
UR_LL_LL_34562.mp4,LR_UR_LL_LL_34562.mp4,Hard
UR_LR_UL_34562.mp4,LL_UR_LR_UL_34562.mp4,Hard
UR_LR_UL_34562.mp4,LR_UR_LR_UL_34562.mp4,Hard
UR_LL_UL_UR_34562.mp4,UL_UR_LL_UL_UR_34562.mp4,Hard
UL_UL_UL_UR_34562.mp4,UL_UL_UL_UL_UR_34562.mp4,Hard
UL_UL_UL_UR_34562.mp4,UR_UL_UL_UL_UR_34562.mp4,Hard
UL_UR_LL_34562.mp4,UR_UL_UR_LL_34562.mp4,Hard
UL_UR_LL_34562.mp4,LR_UL_UR_LL_34562.mp4,Hard
UL_LR_LL_34562.mp4,LR_UL_LR_LL_34562.mp4,Hard
UL_LL_UR_34562.mp4,LL_UL_LL_UR_34562.mp4,Hard
UL_LL_UR_34562.mp4,UR_UL_LL_UR_34562.mp4,Hard
UL_LL_UR_34562.mp4,LR_UL_LL_UR_34562.mp4,Hard
LL_LR_UL_34562.mp4,UR_LL_LR_UL_34562.mp4,Hard
LL_LR_UL_34562.mp4,LR_LL_LR_UL_34562.mp4,Hard
UR_LR_LR_UL_63504.mp4,LL_UR_LR_LR_UL_63504.mp4,Easy
UR_LR_LR_UL_63504.mp4,LR_UR_LR_LR_UL_63504.mp4,Easy
UR_LL_UL_63504.mp4,UL_UR_LL_UL_63504.mp4,Easy
LR_UL_LL_63504.mp4,UL_LR_UL_LL_63504.mp4,Easy
LR_UL_LL_63504.mp4,UR_LR_UL_LL_63504.mp4,Easy
LR_LL_LL_63504.mp4,UL_LR_LL_LL_63504.mp4,Easy
LR_LL_LL_63504.mp4,LL_LR_LL_LL_63504.mp4,Easy
LR_LL_LL_63504.mp4,UR_LR_LL_LL_63504.mp4,Easy
LR_LL_LL_63504.mp4,LR_LR_LL_LL_63504.mp4,Easy
LL_LR_LL_63504.mp4,LL_LL_LR_LL_63504.mp4,Easy
LL_LR_LL_63504.mp4,UR_LL_LR_LL_63504.mp4,Easy
LL_LR_LL_63504.mp4,LR_LL_LR_LL_63504.mp4,Easy
LL_LR_UL_63504.mp4,LL_LL_LR_UL_63504.mp4,Easy
LL_LR_UL_63504.mp4,UR_LL_LR_UL_63504.mp4,Easy
LL_LR_UL_63504.mp4,LR_LL_LR_UL_63504.mp4,Easy
LL_UR_UL_34562.mp4,UR_LL_UR_UL_34562.mp4,Hard
UR_LR_LR_UL_34562.mp4,LL_UR_LR_LR_UL_34562.mp4,Hard
UR_LR_LR_UL_34562.mp4,LR_UR_LR_LR_UL_34562.mp4,Hard
LR_UL_UL_63504.mp4,UL_LR_UL_UL_63504.mp4,Easy
UL_LR_LR_63504.mp4,UL_UL_LR_LR_63504.mp4,Easy
UL_LR_LR_63504.mp4,LL_UL_LR_LR_63504.mp4,Easy
UL_LR_LR_63504.mp4,UR_UL_LR_LR_63504.mp4,Easy
UL_LR_LR_63504.mp4,LR_UL_LR_LR_63504.mp4,Easy
UL_LL_UL_63504.mp4,LL_UL_LL_UL_63504.mp4,Easy
UL_LL_UL_63504.mp4,LR_UL_LL_UL_63504.mp4,Easy
LL_UR_UR_LL_63504.mp4,UR_LL_UR_UR_LL_63504.mp4,Easy
LR_UL_UR_LL_63504.mp4,UR_LR_UL_UR_LL_63504.mp4,Easy
UR_LL_LL_63504.mp4,UL_UR_LL_LL_63504.mp4,Easy
UR_LL_LL_63504.mp4,LL_UR_LL_LL_63504.mp4,Easy
LL_UL_UL_LR_63504.mp4,UL_LL_UL_UL_LR_63504.mp4,Easy
LL_UL_UL_LR_63504.mp4,UR_LL_UL_UL_LR_63504.mp4,Easy
LL_UL_34562.mp4,UL_LL_UL_34562.mp4,Hard
LL_UL_34562.mp4,LL_LL_UL_34562.mp4,Hard
LL_UL_34562.mp4,UR_LL_UL_34562.mp4,Hard
LL_UL_34562.mp4,LR_LL_UL_34562.mp4,Hard
UL_UR_UL_34562.mp4,UR_UL_UR_UL_34562.mp4,Hard
UL_UR_UL_34562.mp4,LR_UL_UR_UL_34562.mp4,Hard
LR_34562.mp4,UL_LR_34562.mp4,Hard
LR_34562.mp4,LL_LR_34562.mp4,Hard
LR_34562.mp4,UR_LR_34562.mp4,Hard
LR_34562.mp4,LR_LR_34562.mp4,Hard
LR_UR_LL_34562.mp4,UL_LR_UR_LL_34562.mp4,Hard
LL_LR_LL_34562.mp4,UL_LL_LR_LL_34562.mp4,Hard
LL_LR_LL_34562.mp4,LL_LL_LR_LL_34562.mp4,Hard
LL_LR_LL_34562.mp4,UR_LL_LR_LL_34562.mp4,Hard
LL_LR_LL_34562.mp4,LR_LL_LR_LL_34562.mp4,Hard
LR_LL_LL_34562.mp4,UL_LR_LL_LL_34562.mp4,Hard
LR_LL_LL_34562.mp4,LL_LR_LL_LL_34562.mp4,Hard
LR_LL_LL_34562.mp4,UR_LR_LL_LL_34562.mp4,Hard
LR_LL_LL_34562.mp4,LR_LR_LL_LL_34562.mp4,Hard
UR_UL_LL_34562.mp4,LL_UR_UL_LL_34562.mp4,Hard
UR_UL_LL_34562.mp4,LR_UR_UL_LL_34562.mp4,Hard
LR_UR_LL_63504.mp4,UL_LR_UR_LL_63504.mp4,Easy
LR_UR_LL_63504.mp4,UR_LR_UR_LL_63504.mp4,Easy
LR_UR_LL_63504.mp4,LR_LR_UR_LL_63504.mp4,Easy
LR_UL_UL_UR_34562.mp4,UL_LR_UL_UL_UR_34562.mp4,Hard
UL_UL_34562.mp4,UL_UL_UL_34562.mp4,Hard
UL_UL_34562.mp4,LL_UL_UL_34562.mp4,Hard
UL_UL_34562.mp4,UR_UL_UL_34562.mp4,Hard
UL_UL_34562.mp4,LR_UL_UL_34562.mp4,Hard
LR_UL_LL_34562.mp4,UL_LR_UL_LL_34562.mp4,Hard
LL_UR_LL_63504.mp4,UR_LL_UR_LL_63504.mp4,Easy
UR_LL_LL_LR_50987.mp4,LL_UR_LL_LL_LR_50987.mp4,Easy
UL_LL_UL_50987.mp4,LL_UL_LL_UL_50987.mp4,Easy
UL_LL_UL_50987.mp4,LR_UL_LL_UL_50987.mp4,Easy
UR_LR_LL_50987.mp4,UL_UR_LR_LL_50987.mp4,Easy
UR_LR_LL_50987.mp4,LL_UR_LR_LL_50987.mp4,Easy
UR_LR_LL_50987.mp4,UR_UR_LR_LL_50987.mp4,Easy
UR_LR_LL_50987.mp4,LR_UR_LR_LL_50987.mp4,Easy
UR_LL_LL_50987.mp4,UL_UR_LL_LL_50987.mp4,Easy
UR_LL_LL_50987.mp4,LL_UR_LL_LL_50987.mp4,Easy
LL_LR_UR_UL_50987.mp4,LL_LL_LR_UR_UL_50987.mp4,Easy
LL_LR_UR_UL_50987.mp4,UR_LL_LR_UR_UL_50987.mp4,Easy
LL_LR_UR_UL_50987.mp4,LR_LL_LR_UR_UL_50987.mp4,Easy
LL_UL_LR_50987.mp4,UL_LL_UL_LR_50987.mp4,Easy
LL_UL_LR_50987.mp4,LL_LL_UL_LR_50987.mp4,Easy
LL_UL_LR_50987.mp4,UR_LL_UL_LR_50987.mp4,Easy
UL_LL_LR_50987.mp4,UL_UL_LL_LR_50987.mp4,Easy
UL_LL_LR_50987.mp4,LL_UL_LL_LR_50987.mp4,Easy
UL_LL_LR_50987.mp4,UR_UL_LL_LR_50987.mp4,Easy
UL_LL_LR_50987.mp4,LR_UL_LL_LR_50987.mp4,Easy
UR_UL_LR_50987.mp4,LL_UR_UL_LR_50987.mp4,Easy
LL_UL_LL_50987.mp4,UL_LL_UL_LL_50987.mp4,Easy
LL_UL_LL_50987.mp4,UR_LL_UL_LL_50987.mp4,Easy
LL_LL_UR_UL_50987.mp4,LR_LL_LL_UR_UL_50987.mp4,Easy
LR_UL_UL_LL_50987.mp4,UL_LR_UL_UL_LL_50987.mp4,Easy
LR_UL_UR_36270.mp4,UL_LR_UL_UR_36270.mp4,Easy
UL_UR_UL_36270.mp4,UR_UL_UR_UL_36270.mp4,Easy
UL_UR_UL_36270.mp4,LR_UL_UR_UL_36270.mp4,Easy
LR_LL_LL_36270.mp4,UL_LR_LL_LL_36270.mp4,Easy
LR_LL_LL_36270.mp4,LL_LR_LL_LL_36270.mp4,Easy
LR_LL_LL_36270.mp4,UR_LR_LL_LL_36270.mp4,Easy
LR_LL_LL_36270.mp4,LR_LR_LL_LL_36270.mp4,Easy
LR_UR_UR_LR_36270.mp4,UL_LR_UR_UR_LR_36270.mp4,Easy
LR_UR_UR_LR_36270.mp4,UR_LR_UR_UR_LR_36270.mp4,Easy
LR_UR_LL_36270.mp4,UL_LR_UR_LL_36270.mp4,Easy
LL_UR_UL_36270.mp4,UR_LL_UR_UL_36270.mp4,Easy
UL_UL_UR_36270.mp4,UR_UL_UL_UR_36270.mp4,Easy
UL_UL_UR_36270.mp4,LR_UL_UL_UR_36270.mp4,Easy
UR_LR_LR_36270.mp4,LL_UR_LR_LR_36270.mp4,Easy
UR_LR_LR_36270.mp4,LR_UR_LR_LR_36270.mp4,Easy
LL_UR_LR_36270.mp4,UR_LL_UR_LR_36270.mp4,Easy
UL_LL_LL_36270.mp4,UL_UL_LL_LL_36270.mp4,Easy
UL_LL_LL_36270.mp4,LL_UL_LL_LL_36270.mp4,Easy
UL_LL_LL_36270.mp4,UR_UL_LL_LL_36270.mp4,Easy
UL_LL_LL_36270.mp4,LR_UL_LL_LL_36270.mp4,Easy
LR_UL_LR_36270.mp4,UL_LR_UL_LR_36270.mp4,Easy
LR_UL_LR_36270.mp4,UR_LR_UL_LR_36270.mp4,Easy
LL_LR_LR_36270.mp4,UR_LL_LR_LR_36270.mp4,Easy
LL_LR_LR_36270.mp4,LR_LL_LR_LR_36270.mp4,Easy
LR_UL_UL_36270.mp4,UL_LR_UL_UL_36270.mp4,Easy
LR_UL_UL_36270.mp4,UR_LR_UL_UL_36270.mp4,Easy
LR_UL_UL_36270.mp4,LR_LR_UL_UL_36270.mp4,Easy
LR_UL_LR_LL_36270.mp4,UL_LR_UL_LR_LL_36270.mp4,Easy
UL_UR_LL_10788.mp4,LR_UL_UR_LL_10788.mp4,Hard
UL_LR_LL_10788.mp4,UR_UL_LR_LL_10788.mp4,Hard
UL_LR_LL_10788.mp4,LR_UL_LR_LL_10788.mp4,Hard
UR_LL_LR_UR_LL_10788.mp4,UR_UR_LL_LR_UR_LL_10788.mp4,Hard
UR_LL_UR_LL_10788.mp4,LR_UR_LL_UR_LL_10788.mp4,Hard
LR_LL_UR_10788.mp4,UL_LR_LL_UR_10788.mp4,Hard
LR_LL_UR_10788.mp4,LL_LR_LL_UR_10788.mp4,Hard
LR_LR_UL_10788.mp4,UL_LR_LR_UL_10788.mp4,Hard
LR_LR_UL_10788.mp4,LL_LR_LR_UL_10788.mp4,Hard
UR_UL_LR_10788.mp4,UL_UR_UL_LR_10788.mp4,Hard
UR_UL_LR_10788.mp4,LL_UR_UL_LR_10788.mp4,Hard
UL_LL_10788.mp4,UL_UL_LL_10788.mp4,Hard
UL_LL_10788.mp4,LL_UL_LL_10788.mp4,Hard
UL_LL_10788.mp4,UR_UL_LL_10788.mp4,Hard
UL_LL_10788.mp4,LR_UL_LL_10788.mp4,Hard
LR_UL_LR_10788.mp4,UL_LR_UL_LR_10788.mp4,Hard
LR_UL_UR_15469.mp4,UL_LR_UL_UR_15469.mp4,Hard
LL_LL_LR_LR_UL_15469.mp4,UR_LL_LL_LR_LR_UL_15469.mp4,Hard
UL_LR_UR_15469.mp4,LR_UL_LR_UR_15469.mp4,Hard
UR_UL_15469.mp4,UL_UR_UL_15469.mp4,Hard
UR_UL_15469.mp4,LL_UR_UL_15469.mp4,Hard
UR_UL_15469.mp4,UR_UR_UL_15469.mp4,Hard
UR_UL_15469.mp4,LR_UR_UL_15469.mp4,Hard
LL_UR_UL_LL_15469.mp4,UR_LL_UR_UL_LL_15469.mp4,Hard
LL_UR_UL_LL_15469.mp4,LR_LL_UR_UL_LL_15469.mp4,Hard
LL_UR_UR_LL_15469.mp4,UR_LL_UR_UR_LL_15469.mp4,Hard
UL_LL_UR_15469.mp4,LR_UL_LL_UR_15469.mp4,Hard
UL_LR_UL_LL_15469.mp4,UR_UL_LR_UL_LL_15469.mp4,Hard
LR_15469.mp4,UL_LR_15469.mp4,Hard
LR_15469.mp4,LL_LR_15469.mp4,Hard
LR_15469.mp4,UR_LR_15469.mp4,Hard
LR_15469.mp4,LR_LR_15469.mp4,Hard
LL_LL_UR_65460.mp4,UL_LL_LL_UR_65460.mp4,Easy
LL_LL_UR_65460.mp4,UR_LL_LL_UR_65460.mp4,Easy
UL_LL_UR_65460.mp4,LL_UL_LL_UR_65460.mp4,Easy
UL_LL_UR_65460.mp4,LR_UL_LL_UR_65460.mp4,Easy
UL_UR_LL_65460.mp4,LR_UL_UR_LL_65460.mp4,Easy
LR_UR_UR_LL_23843.mp4,UL_LR_UR_UR_LL_23843.mp4,Hard
LR_UR_UR_LL_23843.mp4,LL_LR_UR_UR_LL_23843.mp4,Hard
LR_UR_UR_LL_23843.mp4,UR_LR_UR_UR_LL_23843.mp4,Hard
LL_UR_UR_LL_23843.mp4,UR_LL_UR_UR_LL_23843.mp4,Hard
LR_LR_65460.mp4,UL_LR_LR_65460.mp4,Easy
LR_LR_65460.mp4,LL_LR_LR_65460.mp4,Easy
LR_LR_65460.mp4,UR_LR_LR_65460.mp4,Easy
LR_LR_65460.mp4,LR_LR_LR_65460.mp4,Easy
UR_LR_65460.mp4,UL_UR_LR_65460.mp4,Easy
UR_LR_65460.mp4,LL_UR_LR_65460.mp4,Easy
UR_LR_65460.mp4,UR_UR_LR_65460.mp4,Easy
UR_LR_65460.mp4,LR_UR_LR_65460.mp4,Easy
LR_LR_UL_23843.mp4,UL_LR_LR_UL_23843.mp4,Hard
LR_LR_UL_23843.mp4,LL_LR_LR_UL_23843.mp4,Hard
LR_LR_UL_23843.mp4,UR_LR_LR_UL_23843.mp4,Hard
LR_LR_UL_23843.mp4,LR_LR_LR_UL_23843.mp4,Hard
LR_UL_LR_LL_23843.mp4,UR_LR_UL_LR_LL_23843.mp4,Hard
LL_UL_65460.mp4,UL_LL_UL_65460.mp4,Easy
LL_UL_65460.mp4,LL_LL_UL_65460.mp4,Easy
LL_UL_65460.mp4,UR_LL_UL_65460.mp4,Easy
LL_UL_65460.mp4,LR_LL_UL_65460.mp4,Easy
UL_UL_65460.mp4,UL_UL_UL_65460.mp4,Easy
UL_UL_65460.mp4,LL_UL_UL_65460.mp4,Easy
UL_UL_65460.mp4,UR_UL_UL_65460.mp4,Easy
UL_UL_65460.mp4,LR_UL_UL_65460.mp4,Easy
UL_LL_UL_LR_23843.mp4,UL_UL_LL_UL_LR_23843.mp4,Hard
UL_LL_LR_23843.mp4,UL_UL_LL_LR_23843.mp4,Hard
UL_LL_LR_23843.mp4,LL_UL_LL_LR_23843.mp4,Hard
UL_LL_LR_23843.mp4,UR_UL_LL_LR_23843.mp4,Hard
UL_LL_LR_23843.mp4,LR_UL_LL_LR_23843.mp4,Hard
LL_LL_LR_23843.mp4,UR_LL_LL_LR_23843.mp4,Hard
LL_LL_LR_23843.mp4,LR_LL_LL_LR_23843.mp4,Hard
UR_UR_LL_65460.mp4,UL_UR_UR_LL_65460.mp4,Easy
LL_UR_UL_65460.mp4,UR_LL_UR_UL_65460.mp4,Easy
UL_UR_LL_23843.mp4,LR_UL_UR_LL_23843.mp4,Hard
LR_LR_UL_65460.mp4,UL_LR_LR_UL_65460.mp4,Easy
LR_LR_UL_65460.mp4,LL_LR_LR_UL_65460.mp4,Easy
LR_LR_UL_65460.mp4,UR_LR_LR_UL_65460.mp4,Easy
UL_LR_UR_33974.mp4,LR_UL_LR_UR_33974.mp4,Hard
UR_UL_LL_UR_33974.mp4,LL_UR_UL_LL_UR_33974.mp4,Hard
UR_UR_33974.mp4,UL_UR_UR_33974.mp4,Hard
UR_UR_33974.mp4,LL_UR_UR_33974.mp4,Hard
UR_UR_33974.mp4,UR_UR_UR_33974.mp4,Hard
UR_UR_33974.mp4,LR_UR_UR_33974.mp4,Hard
LR_UR_UL_33974.mp4,UL_LR_UR_UL_33974.mp4,Hard
LR_UR_UL_33974.mp4,UR_LR_UR_UL_33974.mp4,Hard
LL_33974.mp4,UL_LL_33974.mp4,Hard
LL_33974.mp4,LL_LL_33974.mp4,Hard
LL_33974.mp4,UR_LL_33974.mp4,Hard
LL_33974.mp4,LR_LL_33974.mp4,Hard
UL_LR_LL_LL_UR_33974.mp4,UR_UL_LR_LL_LL_UR_33974.mp4,Hard
UL_LR_LL_LL_UR_33974.mp4,LR_UL_LR_LL_LL_UR_33974.mp4,Hard
UR_LL_UL_58280.mp4,LL_UR_LL_UL_58280.mp4,Hard
UR_LL_UL_58280.mp4,LR_UR_LL_UL_58280.mp4,Hard
LL_LL_UR_58280.mp4,UL_LL_LL_UR_58280.mp4,Hard
LL_LL_UR_58280.mp4,LL_LL_LL_UR_58280.mp4,Hard
LL_LL_UR_58280.mp4,UR_LL_LL_UR_58280.mp4,Hard
LL_LL_UR_58280.mp4,LR_LL_LL_UR_58280.mp4,Hard
UL_LL_UL_58280.mp4,LL_UL_LL_UL_58280.mp4,Hard
UL_LL_UL_58280.mp4,LR_UL_LL_UL_58280.mp4,Hard
UR_LL_LR_UL_58280.mp4,UR_UR_LL_LR_UL_58280.mp4,Hard
UR_LL_LR_UL_58280.mp4,LR_UR_LL_LR_UL_58280.mp4,Hard
UL_UR_UL_58280.mp4,UR_UL_UR_UL_58280.mp4,Hard
UL_UR_UL_58280.mp4,LR_UL_UR_UL_58280.mp4,Hard
UR_LR_LL_UL_58280.mp4,LR_UR_LR_LL_UL_58280.mp4,Hard
UL_LR_LR_UL_58280.mp4,UL_UL_LR_LR_UL_58280.mp4,Hard
UL_LR_LR_UL_58280.mp4,UR_UL_LR_LR_UL_58280.mp4,Hard
UL_LR_LR_UL_58280.mp4,LR_UL_LR_LR_UL_58280.mp4,Hard
LR_UL_LR_UL_58280.mp4,LR_LR_UL_LR_UL_58280.mp4,Hard
UR_LL_UR_LR_UL_57408.mp4,UL_UR_LL_UR_LR_UL_57408.mp4,Easy
UR_LL_LR_57408.mp4,UL_UR_LL_LR_57408.mp4,Easy
UR_LL_LR_57408.mp4,LL_UR_LL_LR_57408.mp4,Easy
LL_LR_LL_57408.mp4,UR_LL_LR_LL_57408.mp4,Easy
LL_LR_LL_57408.mp4,LR_LL_LR_LL_57408.mp4,Easy
LR_LL_LR_37869.mp4,UL_LR_LL_LR_37869.mp4,Easy
LR_LL_LR_37869.mp4,LL_LR_LL_LR_37869.mp4,Easy
LR_UL_LR_LL_57408.mp4,UR_LR_UL_LR_LL_57408.mp4,Easy
LL_UR_LR_57408.mp4,UR_LL_UR_LR_57408.mp4,Easy
UL_LR_LR_LL_57408.mp4,UR_UL_LR_LR_LL_57408.mp4,Easy
UL_LR_LR_LL_57408.mp4,LR_UL_LR_LR_LL_57408.mp4,Easy
UR_UR_LL_UR_57408.mp4,UL_UR_UR_LL_UR_57408.mp4,Easy
LR_UL_LL_37869.mp4,UL_LR_UL_LL_37869.mp4,Easy
LR_UL_LL_37869.mp4,UR_LR_UL_LL_37869.mp4,Easy
LR_UL_LL_37869.mp4,LR_LR_UL_LL_37869.mp4,Easy
UL_LR_LL_37869.mp4,UL_UL_LR_LL_37869.mp4,Easy
UL_LR_LL_37869.mp4,UR_UL_LR_LL_37869.mp4,Easy
UL_LR_LL_37869.mp4,LR_UL_LR_LL_37869.mp4,Easy
UR_LL_LL_37869.mp4,UL_UR_LL_LL_37869.mp4,Easy
UR_LL_LL_37869.mp4,LL_UR_LL_LL_37869.mp4,Easy
UR_LL_LL_37869.mp4,UR_UR_LL_LL_37869.mp4,Easy
UR_LL_LL_37869.mp4,LR_UR_LL_LL_37869.mp4,Easy
LL_32600.mp4,UL_LL_32600.mp4,Hard
LL_32600.mp4,LL_LL_32600.mp4,Hard
LL_32600.mp4,UR_LL_32600.mp4,Hard
LL_32600.mp4,LR_LL_32600.mp4,Hard
LL_UR_UL_32600.mp4,UR_LL_UR_UL_32600.mp4,Hard
UL_LL_UR_32600.mp4,UR_UL_LL_UR_32600.mp4,Hard
UL_LL_UR_32600.mp4,LR_UL_LL_UR_32600.mp4,Hard
UL_LR_UR_UR_26714.mp4,UR_UL_LR_UR_UR_26714.mp4,Hard
LR_UL_UR_UR_26714.mp4,UR_LR_UL_UR_UR_26714.mp4,Hard
LL_LL_UR_32600.mp4,UR_LL_LL_UR_32600.mp4,Hard
LL_LL_UR_32600.mp4,LR_LL_LL_UR_32600.mp4,Hard
LL_UR_UR_UR_26714.mp4,UR_LL_UR_UR_UR_26714.mp4,Hard
LR_UL_UR_26714.mp4,UL_LR_UL_UR_26714.mp4,Hard
UL_UL_LR_26714.mp4,LL_UL_UL_LR_26714.mp4,Hard
UL_UL_LR_26714.mp4,LR_UL_UL_LR_26714.mp4,Hard
UR_LR_UR_26714.mp4,UL_UR_LR_UR_26714.mp4,Hard
UR_LR_UR_26714.mp4,LL_UR_LR_UR_26714.mp4,Hard
UR_LR_UR_26714.mp4,UR_UR_LR_UR_26714.mp4,Hard
UR_LR_UR_26714.mp4,LR_UR_LR_UR_26714.mp4,Hard
LL_LL_03159.mp4,UL_LL_LL_03159.mp4,Easy
LL_LL_03159.mp4,LL_LL_LL_03159.mp4,Easy
LL_LL_03159.mp4,UR_LL_LL_03159.mp4,Easy
LL_LL_03159.mp4,LR_LL_LL_03159.mp4,Easy
UR_UL_LL_03159.mp4,UL_UR_UL_LL_03159.mp4,Easy
UR_UL_LL_03159.mp4,LL_UR_UL_LL_03159.mp4,Easy
UR_LL_UL_03159.mp4,UL_UR_LL_UL_03159.mp4,Easy
UR_LL_UL_03159.mp4,LL_UR_LL_UL_03159.mp4,Easy
LL_UR_UL_03159.mp4,UR_LL_UR_UL_03159.mp4,Easy
LR_UL_UL_03159.mp4,UL_LR_UL_UL_03159.mp4,Easy
LR_UL_UL_03159.mp4,UR_LR_UL_UL_03159.mp4,Easy
LL_UR_LR_03159.mp4,UR_LL_UR_LR_03159.mp4,Easy
LR_LL_UL_03159.mp4,UL_LR_LL_UL_03159.mp4,Easy
LR_LL_UL_03159.mp4,LL_LR_LL_UL_03159.mp4,Easy
LR_LL_UL_03159.mp4,UR_LR_LL_UL_03159.mp4,Easy
LR_UL_LR_03159.mp4,UL_LR_UL_LR_03159.mp4,Easy
LR_UL_LR_03159.mp4,UR_LR_UL_LR_03159.mp4,Easy
UL_LR_UR_03159.mp4,LL_UL_LR_UR_03159.mp4,Easy
UL_LR_UR_03159.mp4,UR_UL_LR_UR_03159.mp4,Easy
UL_LR_UR_03159.mp4,LR_UL_LR_UR_03159.mp4,Easy
UR_UR_LR_03159.mp4,LR_UR_UR_LR_03159.mp4,Easy
UR_LR_LR_03159.mp4,LL_UR_LR_LR_03159.mp4,Easy
UR_LR_LR_03159.mp4,LR_UR_LR_LR_03159.mp4,Easy
UL_UR_LR_03159.mp4,UR_UL_UR_LR_03159.mp4,Easy
UL_UR_LR_03159.mp4,LR_UL_UR_LR_03159.mp4,Easy
LL_UR_LL_UR_03159.mp4,LL_LL_UR_LL_UR_03159.mp4,Easy
LR_UL_LL_UR_03159.mp4,LL_LR_UL_LL_UR_03159.mp4,Easy
UR_LL_LR_UL_03159.mp4,LR_UR_LL_LR_UL_03159.mp4,Easy
LL_LR_UL_UR_03159.mp4,UR_LL_LR_UL_UR_03159.mp4,Easy
UL_LR_LL_UR_03159.mp4,UL_UL_LR_LL_UR_03159.mp4,Easy
UL_LR_LL_UR_03159.mp4,LR_UL_LR_LL_UR_03159.mp4,Easy
UL_LL_LR_UR_03159.mp4,LR_UL_LL_LR_UR_03159.mp4,Easy
LR_LL_LR_LR_03159.mp4,UR_LR_LL_LR_LR_03159.mp4,Easy
LR_LL_LR_LR_03159.mp4,LR_LR_LL_LR_LR_03159.mp4,Easy
LL_UR_UL_35778.mp4,UR_LL_UR_UL_35778.mp4,Hard
LL_LR_UR_UL_35778.mp4,UR_LL_LR_UR_UL_35778.mp4,Hard
LL_LR_UR_UL_35778.mp4,LR_LL_LR_UR_UL_35778.mp4,Hard
UR_UL_LL_UR_35778.mp4,UL_UR_UL_LL_UR_35778.mp4,Hard
UR_UL_LL_UR_35778.mp4,LR_UR_UL_LL_UR_35778.mp4,Hard
LR_LR_UL_LR_UL_35778.mp4,UL_LR_LR_UL_LR_UL_35778.mp4,Hard
LR_LR_UL_LR_UL_35778.mp4,UR_LR_LR_UL_LR_UL_35778.mp4,Hard
LL_UL_LL_UR_35778.mp4,UL_LL_UL_LL_UR_35778.mp4,Hard
LL_UR_UR_UL_35778.mp4,UR_LL_UR_UR_UL_35778.mp4,Hard
UR_LL_LR_UL_35778.mp4,UR_UR_LL_LR_UL_35778.mp4,Hard
UR_LL_LR_UL_35778.mp4,LR_UR_LL_LR_UL_35778.mp4,Hard
UL_LR_UR_UL_35778.mp4,UR_UL_LR_UR_UL_35778.mp4,Hard
UL_UR_LL_35778.mp4,UR_UL_UR_LL_35778.mp4,Hard
UL_UR_LL_35778.mp4,LR_UL_UR_LL_35778.mp4,Hard
LL_LL_UR_35778.mp4,UL_LL_LL_UR_35778.mp4,Hard
LL_LL_UR_35778.mp4,UR_LL_LL_UR_35778.mp4,Hard
LL_LL_UR_35778.mp4,LR_LL_LL_UR_35778.mp4,Hard
LR_59895.mp4,UL_LR_59895.mp4,Easy
LR_59895.mp4,LL_LR_59895.mp4,Easy
LR_59895.mp4,UR_LR_59895.mp4,Easy
LR_59895.mp4,LR_LR_59895.mp4,Easy
LL_UR_LR_UL_59895.mp4,UL_LL_UR_LR_UL_59895.mp4,Easy
LL_UR_LR_UL_59895.mp4,UR_LL_UR_LR_UL_59895.mp4,Easy
LR_LL_LR_UL_59895.mp4,UR_LR_LL_LR_UL_59895.mp4,Easy
LR_LL_LR_UL_59895.mp4,LR_LR_LL_LR_UL_59895.mp4,Easy
UR_LL_UL_59895.mp4,UL_UR_LL_UL_59895.mp4,Easy
UR_LL_UL_59895.mp4,LL_UR_LL_UL_59895.mp4,Easy
UR_LL_UL_59895.mp4,UR_UR_LL_UL_59895.mp4,Easy
UR_LL_UL_59895.mp4,LR_UR_LL_UL_59895.mp4,Easy
UL_LL_59895.mp4,UL_UL_LL_59895.mp4,Easy
UL_LL_59895.mp4,LL_UL_LL_59895.mp4,Easy
UL_LL_59895.mp4,UR_UL_LL_59895.mp4,Easy
UL_LL_59895.mp4,LR_UL_LL_59895.mp4,Easy
UL_LL_UR_59895.mp4,UL_UL_LL_UR_59895.mp4,Easy
UL_LL_UR_59895.mp4,LL_UL_LL_UR_59895.mp4,Easy
UL_LL_UR_59895.mp4,UR_UL_LL_UR_59895.mp4,Easy
UL_LL_UR_59895.mp4,LR_UL_LL_UR_59895.mp4,Easy
UL_LL_LL_UR_59895.mp4,LL_UL_LL_LL_UR_59895.mp4,Easy
UL_LL_LL_UR_59895.mp4,LR_UL_LL_LL_UR_59895.mp4,Easy
UR_LR_LL_UL_59895.mp4,LR_UR_LR_LL_UL_59895.mp4,Easy
UR_UL_UL_59895.mp4,UL_UR_UL_UL_59895.mp4,Easy
UR_UL_UL_59895.mp4,LL_UR_UL_UL_59895.mp4,Easy
UR_UL_UL_59895.mp4,UR_UR_UL_UL_59895.mp4,Easy
UR_UL_UL_59895.mp4,LR_UR_UL_UL_59895.mp4,Easy
LR_UL_LR_UL_59895.mp4,UR_LR_UL_LR_UL_59895.mp4,Easy
LR_UL_LR_UL_59895.mp4,LR_LR_UL_LR_UL_59895.mp4,Easy
UR_LL_UR_UR_UL_59895.mp4,UR_UR_LL_UR_UR_UL_59895.mp4,Easy
UR_LR_UR_UL_59895.mp4,UL_UR_LR_UR_UL_59895.mp4,Easy
LR_UL_UL_59895.mp4,UL_LR_UL_UL_59895.mp4,Easy
LR_UL_UL_59895.mp4,UR_LR_UL_UL_59895.mp4,Easy
LR_UL_UL_59895.mp4,LR_LR_UL_UL_59895.mp4,Easy
UR_UL_UL_UR_59895.mp4,UL_UR_UL_UL_UR_59895.mp4,Easy
UR_UL_UL_UR_59895.mp4,LL_UR_UL_UL_UR_59895.mp4,Easy
LR_UL_UR_UR_UL_59895.mp4,UL_LR_UL_UR_UR_UL_59895.mp4,Easy
LR_UL_UR_UR_UL_59895.mp4,UR_LR_UL_UR_UR_UL_59895.mp4,Easy
LR_UL_UR_UR_UL_59895.mp4,LR_LR_UL_UR_UR_UL_59895.mp4,Easy
LR_LL_UR_UL_59895.mp4,UR_LR_LL_UR_UL_59895.mp4,Easy
LR_LL_UR_UL_59895.mp4,LR_LR_LL_UR_UL_59895.mp4,Easy
LR_UL_UR_UL_59895.mp4,UR_LR_UL_UR_UL_59895.mp4,Easy
UL_UR_LR_UL_59895.mp4,LL_UL_UR_LR_UL_59895.mp4,Easy
UL_UR_LR_UL_59895.mp4,LR_UL_UR_LR_UL_59895.mp4,Easy
LR_UR_LL_46211.mp4,UL_LR_UR_LL_46211.mp4,Hard
LR_UR_LL_46211.mp4,UR_LR_UR_LL_46211.mp4,Hard
UL_UR_LL_46211.mp4,UL_UL_UR_LL_46211.mp4,Hard
UL_UR_LL_46211.mp4,UR_UL_UR_LL_46211.mp4,Hard
UL_UR_LL_46211.mp4,LR_UL_UR_LL_46211.mp4,Hard
LR_UL_LL_46211.mp4,UL_LR_UL_LL_46211.mp4,Hard
LL_LL_UR_46211.mp4,UL_LL_LL_UR_46211.mp4,Hard
LL_LL_UR_46211.mp4,UR_LL_LL_UR_46211.mp4,Hard
LL_UL_LR_46211.mp4,UL_LL_UL_LR_46211.mp4,Hard
LL_UL_LR_46211.mp4,UR_LL_UL_LR_46211.mp4,Hard
LL_UR_UL_UL_46211.mp4,UR_LL_UR_UL_UL_46211.mp4,Hard
UR_UL_LL_46211.mp4,UL_UR_UL_LL_46211.mp4,Hard
UR_UL_LL_46211.mp4,LL_UR_UL_LL_46211.mp4,Hard
UR_UL_LL_46211.mp4,UR_UR_UL_LL_46211.mp4,Hard
UR_UL_LL_46211.mp4,LR_UR_UL_LL_46211.mp4,Hard
LL_UL_UL_UR_46211.mp4,UL_LL_UL_UL_UR_46211.mp4,Hard
LL_UL_UL_UR_46211.mp4,LL_LL_UL_UL_UR_46211.mp4,Hard
LL_UL_UL_UR_46211.mp4,UR_LL_UL_UL_UR_46211.mp4,Hard
LR_UL_UL_UL_46211.mp4,UL_LR_UL_UL_UL_46211.mp4,Hard
LR_UL_UL_UL_46211.mp4,UR_LR_UL_UL_UL_46211.mp4,Hard
LL_LR_LR_UL_46211.mp4,UL_LL_LR_LR_UL_46211.mp4,Hard
LL_LR_LR_UL_46211.mp4,LL_LL_LR_LR_UL_46211.mp4,Hard
LL_LR_LR_UL_46211.mp4,UR_LL_LR_LR_UL_46211.mp4,Hard
LL_LR_LR_UL_46211.mp4,LR_LL_LR_LR_UL_46211.mp4,Hard
LL_LR_46211.mp4,UL_LL_LR_46211.mp4,Hard
LL_LR_46211.mp4,LL_LL_LR_46211.mp4,Hard
LL_LR_46211.mp4,UR_LL_LR_46211.mp4,Hard
LL_LR_46211.mp4,LR_LL_LR_46211.mp4,Hard
LR_LL_UL_46211.mp4,UL_LR_LL_UL_46211.mp4,Hard
LR_LL_UL_46211.mp4,LL_LR_LL_UL_46211.mp4,Hard
LR_LL_UL_46211.mp4,UR_LR_LL_UL_46211.mp4,Hard
LR_LL_UL_46211.mp4,LR_LR_LL_UL_46211.mp4,Hard
LL_UR_LR_UL_46211.mp4,UR_LL_UR_LR_UL_46211.mp4,Hard
LL_UR_LR_UL_46211.mp4,LR_LL_UR_LR_UL_46211.mp4,Hard
LL_UL_LR_UL_46211.mp4,UR_LL_UL_LR_UL_46211.mp4,Hard
LL_UL_LR_UL_46211.mp4,LR_LL_UL_LR_UL_46211.mp4,Hard
LL_LR_UL_46211.mp4,UL_LL_LR_UL_46211.mp4,Hard
LL_LR_UL_46211.mp4,LL_LL_LR_UL_46211.mp4,Hard
LL_LR_UL_46211.mp4,UR_LL_LR_UL_46211.mp4,Hard
LL_LR_UL_46211.mp4,LR_LL_LR_UL_46211.mp4,Hard
LR_UR_LL_UL_46211.mp4,LL_LR_UR_LL_UL_46211.mp4,Hard
LL_UL_LR_09152.mp4,UL_LL_UL_LR_09152.mp4,Easy
LL_UL_LR_09152.mp4,UR_LL_UL_LR_09152.mp4,Easy
LR_LR_UR_UL_09152.mp4,UL_LR_LR_UR_UL_09152.mp4,Easy
LR_LR_UR_UL_09152.mp4,UR_LR_LR_UR_UL_09152.mp4,Easy
LR_LR_UR_UL_09152.mp4,LR_LR_LR_UR_UL_09152.mp4,Easy
LL_UL_09152.mp4,UL_LL_UL_09152.mp4,Easy
LL_UL_09152.mp4,LL_LL_UL_09152.mp4,Easy
LL_UL_09152.mp4,UR_LL_UL_09152.mp4,Easy
LL_UL_09152.mp4,LR_LL_UL_09152.mp4,Easy
LR_LL_UR_09152.mp4,UL_LR_LL_UR_09152.mp4,Easy
UL_UR_LL_09152.mp4,UR_UL_UR_LL_09152.mp4,Easy
UL_UR_LL_09152.mp4,LR_UL_UR_LL_09152.mp4,Easy
UL_UL_LL_UR_09152.mp4,LL_UL_UL_LL_UR_09152.mp4,Easy
UL_UL_LL_UR_09152.mp4,LR_UL_UL_LL_UR_09152.mp4,Easy
LL_LR_LR_UL_09152.mp4,UR_LL_LR_LR_UL_09152.mp4,Easy
LL_LR_LR_UL_09152.mp4,LR_LL_LR_LR_UL_09152.mp4,Easy
UR_LL_LR_UL_09152.mp4,LR_UR_LL_LR_UL_09152.mp4,Easy
LR_UR_LL_09152.mp4,UL_LR_UR_LL_09152.mp4,Easy
LR_UR_LL_09152.mp4,UR_LR_UR_LL_09152.mp4,Easy
UR_LR_LR_UL_09152.mp4,LL_UR_LR_LR_UL_09152.mp4,Easy
UR_LR_LR_UL_09152.mp4,UR_UR_LR_LR_UL_09152.mp4,Easy
UR_LL_UR_09152.mp4,LL_UR_LL_UR_09152.mp4,Easy
UL_UL_LR_09152.mp4,UL_UL_UL_LR_09152.mp4,Easy
UL_UL_LR_09152.mp4,LL_UL_UL_LR_09152.mp4,Easy
UL_UL_LR_09152.mp4,UR_UL_UL_LR_09152.mp4,Easy
UL_UL_LR_09152.mp4,LR_UL_UL_LR_09152.mp4,Easy
LL_LR_LR_10766.mp4,UR_LL_LR_LR_10766.mp4,Easy
LL_LR_LR_10766.mp4,LR_LL_LR_LR_10766.mp4,Easy
UL_LL_LR_10766.mp4,UR_UL_LL_LR_10766.mp4,Easy
UL_LL_LR_10766.mp4,LR_UL_LL_LR_10766.mp4,Easy
LL_LR_UR_27161.mp4,UR_LL_LR_UR_27161.mp4,Easy
UL_LL_LL_UR_27161.mp4,LR_UL_LL_LL_UR_27161.mp4,Easy
LL_LR_51854.mp4,UL_LL_LR_51854.mp4,Easy
LL_LR_51854.mp4,LL_LL_LR_51854.mp4,Easy
LL_LR_51854.mp4,UR_LL_LR_51854.mp4,Easy
LL_LR_51854.mp4,LR_LL_LR_51854.mp4,Easy
UR_LR_UR_51854.mp4,LR_UR_LR_UR_51854.mp4,Easy
LR_LL_LL_UR_10766.mp4,UL_LR_LL_LL_UR_10766.mp4,Easy
LR_LL_LL_UR_10766.mp4,LL_LR_LL_LL_UR_10766.mp4,Easy
LR_UR_UL_10766.mp4,LL_LR_UR_UL_10766.mp4,Easy
LR_LL_LR_10766.mp4,UL_LR_LL_LR_10766.mp4,Easy
LR_LL_LR_10766.mp4,LL_LR_LL_LR_10766.mp4,Easy
LR_LL_LR_10766.mp4,LR_LR_LL_LR_10766.mp4,Easy
LR_UR_UR_LL_10766.mp4,UL_LR_UR_UR_LL_10766.mp4,Easy
LR_UR_UR_LL_10766.mp4,UR_LR_UR_UR_LL_10766.mp4,Easy
UR_UL_LL_51854.mp4,UL_UR_UL_LL_51854.mp4,Easy
UR_UL_LL_51854.mp4,LL_UR_UL_LL_51854.mp4,Easy
UR_UL_LL_51854.mp4,UR_UR_UL_LL_51854.mp4,Easy
UR_UL_LL_51854.mp4,LR_UR_UL_LL_51854.mp4,Easy
LL_LR_LR_LL_51854.mp4,UR_LL_LR_LR_LL_51854.mp4,Easy
LL_LR_LR_LL_51854.mp4,LR_LL_LR_LR_LL_51854.mp4,Easy
LR_UR_LL_10766.mp4,UL_LR_UR_LL_10766.mp4,Easy
LR_UR_LL_10766.mp4,UR_LR_UR_LL_10766.mp4,Easy
LL_LR_27161.mp4,UL_LL_LR_27161.mp4,Easy
LL_LR_27161.mp4,LL_LL_LR_27161.mp4,Easy
LL_LR_27161.mp4,UR_LL_LR_27161.mp4,Easy
LL_LR_27161.mp4,LR_LL_LR_27161.mp4,Easy
UR_UL_LR_27161.mp4,UL_UR_UL_LR_27161.mp4,Easy
LL_UL_UR_27161.mp4,UR_LL_UL_UR_27161.mp4,Easy
UR_UL_27161.mp4,UL_UR_UL_27161.mp4,Easy
UR_UL_27161.mp4,LL_UR_UL_27161.mp4,Easy
UR_UL_27161.mp4,UR_UR_UL_27161.mp4,Easy
UR_UL_27161.mp4,LR_UR_UL_27161.mp4,Easy
LR_UL_LR_27161.mp4,UL_LR_UL_LR_27161.mp4,Easy
LR_LL_UR_27161.mp4,UL_LR_LL_UR_27161.mp4,Easy
LR_LL_UR_27161.mp4,LL_LR_LL_UR_27161.mp4,Easy
LR_LL_UR_27161.mp4,UR_LR_LL_UR_27161.mp4,Easy
UR_LL_LL_UR_27161.mp4,UL_UR_LL_LL_UR_27161.mp4,Easy
LR_UR_LL_51854.mp4,UL_LR_UR_LL_51854.mp4,Easy
LR_UL_LR_51854.mp4,UL_LR_UL_LR_51854.mp4,Easy
LR_UL_LR_51854.mp4,UR_LR_UL_LR_51854.mp4,Easy
LL_LR_LR_51854.mp4,UR_LL_LR_LR_51854.mp4,Easy
LL_LR_LR_51854.mp4,LR_LL_LR_LR_51854.mp4,Easy
UL_LR_LR_51854.mp4,UR_UL_LR_LR_51854.mp4,Easy
UL_LR_LR_51854.mp4,LR_UL_LR_LR_51854.mp4,Easy
LR_UL_UR_UR_51854.mp4,UR_LR_UL_UR_UR_51854.mp4,Easy
LR_LL_UR_10766.mp4,LL_LR_LL_UR_10766.mp4,Easy
LL_UR_LR_51854.mp4,UR_LL_UR_LR_51854.mp4,Easy
LL_UL_LL_UR_27161.mp4,LR_LL_UL_LL_UR_27161.mp4,Easy
LR_UR_LR_LR_51854.mp4,UR_LR_UR_LR_LR_51854.mp4,Easy
LR_UR_UR_UR_51854.mp4,UL_LR_UR_UR_UR_51854.mp4,Easy
LR_UR_UR_UR_51854.mp4,UR_LR_UR_UR_UR_51854.mp4,Easy
UL_LR_LR_LL_51854.mp4,UR_UL_LR_LR_LL_51854.mp4,Easy
UL_LL_UL_UR_LR_10766.mp4,LR_UL_LL_UL_UR_LR_10766.mp4,Easy
UL_UR_LL_LR_10766.mp4,UR_UL_UR_LL_LR_10766.mp4,Easy
LR_UR_LL_23590.mp4,UL_LR_UR_LL_23590.mp4,Hard
LR_UR_UL_23590.mp4,LL_LR_UR_UL_23590.mp4,Hard
LL_LR_LR_23590.mp4,UR_LL_LR_LR_23590.mp4,Hard
LL_LR_LR_23590.mp4,LR_LL_LR_LR_23590.mp4,Hard
LL_LL_UR_23590.mp4,UL_LL_LL_UR_23590.mp4,Hard
LL_LL_UR_23590.mp4,LL_LL_LL_UR_23590.mp4,Hard
LL_LL_UR_23590.mp4,UR_LL_LL_UR_23590.mp4,Hard
LL_LL_UR_23590.mp4,LR_LL_LL_UR_23590.mp4,Hard
UR_LR_LL_23590.mp4,UL_UR_LR_LL_23590.mp4,Hard
UR_LR_LL_23590.mp4,LL_UR_LR_LL_23590.mp4,Hard
UR_LR_LL_23590.mp4,LR_UR_LR_LL_23590.mp4,Hard
UL_UL_LR_23590.mp4,UL_UL_UL_LR_23590.mp4,Hard
UL_UL_LR_23590.mp4,LL_UL_UL_LR_23590.mp4,Hard
UL_UL_LR_23590.mp4,UR_UL_UL_LR_23590.mp4,Hard
UL_UL_LR_23590.mp4,LR_UL_UL_LR_23590.mp4,Hard
LL_UL_UL_23590.mp4,UL_LL_UL_UL_23590.mp4,Hard
LL_UL_UL_23590.mp4,LL_LL_UL_UL_23590.mp4,Hard
LL_UL_UL_23590.mp4,UR_LL_UL_UL_23590.mp4,Hard
LL_UL_UL_23590.mp4,LR_LL_UL_UL_23590.mp4,Hard
LL_LL_UL_23590.mp4,UL_LL_LL_UL_23590.mp4,Hard
LL_LL_UL_23590.mp4,UR_LL_LL_UL_23590.mp4,Hard
UL_LR_LR_UL_23590.mp4,LR_UL_LR_LR_UL_23590.mp4,Hard
UR_LR_UL_23590.mp4,LL_UR_LR_UL_23590.mp4,Hard
LR_LR_UR_23590.mp4,UL_LR_LR_UR_23590.mp4,Hard
LR_LR_UR_23590.mp4,UR_LR_LR_UR_23590.mp4,Hard
LR_UL_LL_UL_23590.mp4,LL_LR_UL_LL_UL_23590.mp4,Hard
LR_UL_LL_UL_23590.mp4,LR_LR_UL_LL_UL_23590.mp4,Hard
UR_LR_23590.mp4,UL_UR_LR_23590.mp4,Hard
UR_LR_23590.mp4,LL_UR_LR_23590.mp4,Hard
UR_LR_23590.mp4,UR_UR_LR_23590.mp4,Hard
UR_LR_23590.mp4,LR_UR_LR_23590.mp4,Hard
UL_LL_LR_23590.mp4,LL_UL_LL_LR_23590.mp4,Hard
UL_LL_LR_23590.mp4,LR_UL_LL_LR_23590.mp4,Hard
LL_LR_LR_44943.mp4,UR_LL_LR_LR_44943.mp4,Hard
LL_LR_LR_44943.mp4,LR_LL_LR_LR_44943.mp4,Hard
LR_UR_LR_44943.mp4,UR_LR_UR_LR_44943.mp4,Hard
LL_UL_44943.mp4,UL_LL_UL_44943.mp4,Hard
LL_UL_44943.mp4,LL_LL_UL_44943.mp4,Hard
LL_UL_44943.mp4,UR_LL_UL_44943.mp4,Hard
LL_UL_44943.mp4,LR_LL_UL_44943.mp4,Hard
LR_LL_LR_44943.mp4,UL_LR_LL_LR_44943.mp4,Hard
LR_LL_LR_44943.mp4,LL_LR_LL_LR_44943.mp4,Hard
LR_LL_LR_44943.mp4,UR_LR_LL_LR_44943.mp4,Hard
LR_LL_LR_44943.mp4,LR_LR_LL_LR_44943.mp4,Hard
UL_UL_UR_LR_44943.mp4,UL_UL_UL_UR_LR_44943.mp4,Hard
UL_UL_UR_LR_44943.mp4,LL_UL_UL_UR_LR_44943.mp4,Hard
LL_UR_LR_UL_44943.mp4,UR_LL_UR_LR_UL_44943.mp4,Hard
LL_LR_LR_UL_44943.mp4,UR_LL_LR_LR_UL_44943.mp4,Hard
LL_LR_LR_UL_44943.mp4,LR_LL_LR_LR_UL_44943.mp4,Hard
LL_LR_UL_44943.mp4,UR_LL_LR_UL_44943.mp4,Hard
UR_UL_UL_44943.mp4,UL_UR_UL_UL_44943.mp4,Hard
UR_UL_UL_44943.mp4,LL_UR_UL_UL_44943.mp4,Hard
UR_UL_UL_44943.mp4,UR_UR_UL_UL_44943.mp4,Hard
UR_UL_UL_44943.mp4,LR_UR_UL_UL_44943.mp4,Hard
LL_LL_44943.mp4,UL_LL_LL_44943.mp4,Hard
LL_LL_44943.mp4,LL_LL_LL_44943.mp4,Hard
LL_LL_44943.mp4,UR_LL_LL_44943.mp4,Hard
LL_LL_44943.mp4,LR_LL_LL_44943.mp4,Hard
LR_LL_LL_UL_04376.mp4,UL_LR_LL_LL_UL_04376.mp4,Easy
LR_LL_LL_UL_04376.mp4,LL_LR_LL_LL_UL_04376.mp4,Easy
LL_LR_LR_04376.mp4,UR_LL_LR_LR_04376.mp4,Easy
LL_LR_LR_04376.mp4,LR_LL_LR_LR_04376.mp4,Easy
LR_LL_LR_04376.mp4,UL_LR_LL_LR_04376.mp4,Easy
LR_LL_LR_04376.mp4,LL_LR_LL_LR_04376.mp4,Easy
LR_LL_LR_04376.mp4,UR_LR_LL_LR_04376.mp4,Easy
LR_LL_LR_04376.mp4,LR_LR_LL_LR_04376.mp4,Easy
UR_LR_LR_04376.mp4,LL_UR_LR_LR_04376.mp4,Easy
UR_LR_LR_04376.mp4,LR_UR_LR_LR_04376.mp4,Easy
LR_UL_LL_04376.mp4,LL_LR_UL_LL_04376.mp4,Easy
LR_UL_LL_04376.mp4,UR_LR_UL_LL_04376.mp4,Easy
LR_UL_LL_04376.mp4,LR_LR_UL_LL_04376.mp4,Easy
LR_UL_LR_LR_04376.mp4,UL_LR_UL_LR_LR_04376.mp4,Easy
UR_UL_LL_04376.mp4,LL_UR_UL_LL_04376.mp4,Easy
UR_UL_LL_04376.mp4,LR_UR_UL_LL_04376.mp4,Easy
UL_UR_LL_04376.mp4,LL_UL_UR_LL_04376.mp4,Easy
UL_UR_LL_04376.mp4,LR_UL_UR_LL_04376.mp4,Easy
LR_UR_30735.mp4,UL_LR_UR_30735.mp4,Hard
LR_UR_30735.mp4,LL_LR_UR_30735.mp4,Hard
LR_UR_30735.mp4,UR_LR_UR_30735.mp4,Hard
LR_UR_30735.mp4,LR_LR_UR_30735.mp4,Hard
UL_LR_UR_UL_30735.mp4,UR_UL_LR_UR_UL_30735.mp4,Hard
LL_UR_UR_UL_30735.mp4,UR_LL_UR_UR_UL_30735.mp4,Hard
LL_UR_UL_30735.mp4,UR_LL_UR_UL_30735.mp4,Hard
UR_LL_UL_UR_30735.mp4,LL_UR_LL_UL_UR_30735.mp4,Hard
LR_UL_UR_30735.mp4,UL_LR_UL_UR_30735.mp4,Hard
LR_UL_LL_30735.mp4,UL_LR_UL_LL_30735.mp4,Hard
LR_UL_LL_30735.mp4,UR_LR_UL_LL_30735.mp4,Hard
LL_UL_UR_LR_30735.mp4,UL_LL_UL_UR_LR_30735.mp4,Hard
LL_UL_UR_LR_30735.mp4,LL_LL_UL_UR_LR_30735.mp4,Hard
LL_UL_UR_LR_30735.mp4,UR_LL_UL_UR_LR_30735.mp4,Hard
LL_UL_UR_LR_30735.mp4,LR_LL_UL_UR_LR_30735.mp4,Hard
UR_LL_UR_30735.mp4,UL_UR_LL_UR_30735.mp4,Hard
UR_LL_UR_30735.mp4,LL_UR_LL_UR_30735.mp4,Hard
UL_UL_LR_62570.mp4,UL_UL_UL_LR_62570.mp4,Hard
UL_UL_LR_62570.mp4,LL_UL_UL_LR_62570.mp4,Hard
UL_UL_LR_62570.mp4,UR_UL_UL_LR_62570.mp4,Hard
UL_UL_LR_62570.mp4,LR_UL_UL_LR_62570.mp4,Hard
LR_LR_UL_62570.mp4,LL_LR_LR_UL_62570.mp4,Hard
LR_LR_UL_62570.mp4,UR_LR_LR_UL_62570.mp4,Hard
LR_LR_UL_62570.mp4,LR_LR_LR_UL_62570.mp4,Hard
UL_LR_LL_62570.mp4,UR_UL_LR_LL_62570.mp4,Hard
UL_LR_LL_62570.mp4,LR_UL_LR_LL_62570.mp4,Hard
UL_UR_LL_62570.mp4,UR_UL_UR_LL_62570.mp4,Hard
UL_UR_LL_62570.mp4,LR_UL_UR_LL_62570.mp4,Hard
LL_UR_UR_LL_62570.mp4,UR_LL_UR_UR_LL_62570.mp4,Hard
LL_LR_UL_62570.mp4,UR_LL_LR_UL_62570.mp4,Hard
LL_LR_UL_62570.mp4,LR_LL_LR_UL_62570.mp4,Hard
LL_UR_LL_62570.mp4,UR_LL_UR_LL_62570.mp4,Hard
LL_LL_UR_62570.mp4,UL_LL_LL_UR_62570.mp4,Hard
LL_LL_UR_62570.mp4,LL_LL_LL_UR_62570.mp4,Hard
LL_LL_UR_62570.mp4,UR_LL_LL_UR_62570.mp4,Hard
LL_LL_UR_62570.mp4,LR_LL_LL_UR_62570.mp4,Hard
LR_UL_LR_LR_LL_55836.mp4,UR_LR_UL_LR_LR_LL_55836.mp4,Hard
UL_LR_LL_55836.mp4,LR_UL_LR_LL_55836.mp4,Hard
UR_LL_UR_LL_UL_34657.mp4,UR_UR_LL_UR_LL_UL_34657.mp4,Hard
LR_UL_UR_LR_34657.mp4,UR_LR_UL_UR_LR_34657.mp4,Hard
LL_UL_UL_34657.mp4,UL_LL_UL_UL_34657.mp4,Hard
LL_UL_UL_34657.mp4,UR_LL_UL_UL_34657.mp4,Hard
UR_LL_UR_UL_UL_41842.mp4,LR_UR_LL_UR_UL_UL_41842.mp4,Easy
LR_UL_LL_UL_41842.mp4,UL_LR_UL_LL_UL_41842.mp4,Easy
LR_UL_LL_UL_41842.mp4,UR_LR_UL_LL_UL_41842.mp4,Easy
LR_UL_UL_UR_41842.mp4,UL_LR_UL_UL_UR_41842.mp4,Easy
LL_UL_UR_LL_41842.mp4,UR_LL_UL_UR_LL_41842.mp4,Easy
UR_UL_LR_23533.mp4,LL_UR_UL_LR_23533.mp4,Hard
UR_23533.mp4,UL_UR_23533.mp4,Hard
UR_23533.mp4,LL_UR_23533.mp4,Hard
UR_23533.mp4,UR_UR_23533.mp4,Hard
UR_23533.mp4,LR_UR_23533.mp4,Hard
LL_23533.mp4,UL_LL_23533.mp4,Hard
LL_23533.mp4,LL_LL_23533.mp4,Hard
LL_23533.mp4,UR_LL_23533.mp4,Hard
LL_23533.mp4,LR_LL_23533.mp4,Hard
LL_UR_LR_LR_UL_28393.mp4,LR_LL_UR_LR_LR_UL_28393.mp4,Easy
UR_UL_LR_UL_LL_28393.mp4,LR_UR_UL_LR_UL_LL_28393.mp4,Easy
